{
  "project_info": {
    "project_number": "121625719379",
    "firebase_url": "https://result-management-test-default-rtdb.firebaseio.com",
    "project_id": "result-management-test",
    "storage_bucket": "result-management-test.appspot.com"
  },
  "client": [
    {
      "client_info": {
        "mobilesdk_app_id": "1:121625719379:android:27cdf715aeadf194a7cca6",
        "android_client_info": {
          "package_name": "com.example.myapplication"
        }
      },
      "oauth_client": [
        {
          "client_id": "121625719379-cc8oj734pdb1bvsllvrk2h8nt1k21rbd.apps.googleusercontent.com",
          "client_type": 3
        }
      ],
      "api_key": [
        {
          "current_key": "AIzaSyDlEZgy5IhiFLUN3j6PWGi9hDBDSt2PZOo"
        }
      ],
      "services": {
        "appinvite_service": {
          "other_platform_oauth_client": [
            {
              "client_id": "121625719379-cc8oj734pdb1bvsllvrk2h8nt1k21rbd.apps.googleusercontent.com",
              "client_type": 3
            }
          ]
        }
      }
    }
  ],
  "configuration_version": "1"
}